,x,y,z,average2,average3,average4,average5,average6,average7,average8,average9,average10,complete2,complete3,complete4,complete5,complete6,complete7,complete8,complete9,complete10,single2,single3,single4,single5,single6,single7,single8,single9,single10,ward2,ward3,ward4,ward5,ward6,ward7,ward8,ward9,ward10
X1_106,16.754773482387154,0.4207235184582432,-5.112062366600792,0,2,2,2,5,5,5,2,2,1,0,3,3,3,3,1,1,0,0,0,1,1,1,1,1,1,1,1,1,1,1,0,6,6,6,6
X1_112,-4.72508154127775,8.776253432859665,-17.1983903754569,0,0,0,1,1,0,7,7,7,1,0,1,1,0,2,2,2,2,0,0,0,0,0,0,0,0,0,0,2,0,2,5,5,5,2,0
X1_72,-30.0654544032018,18.351292726839656,-11.092323477944419,0,0,1,0,2,2,2,0,9,0,1,0,0,4,1,0,8,8,0,0,0,0,0,0,0,0,0,0,0,2,0,2,2,2,0,5
X1_66,-42.9045933513702,-21.29086080594014,-10.307178373724915,1,1,3,3,3,1,0,5,5,0,2,2,2,2,6,6,6,6,0,0,0,0,0,2,2,2,2,0,0,3,3,1,0,7,7,7
X1_99,-6.006970039882002,7.378215988543751,4.857874901376619,0,0,0,1,1,0,7,7,7,1,0,1,1,0,2,2,2,2,0,0,0,0,0,0,0,0,0,0,2,0,2,5,5,5,2,0
X1_98,-15.426299570476614,9.306618267618433,-15.69432730220509,0,0,0,1,1,0,1,1,0,0,1,0,4,1,0,3,3,3,0,0,0,0,0,0,0,0,0,0,0,2,0,3,1,0,5,2
X1_67,-5.516044488623859,10.655885641220879,-12.466714257533551,0,0,0,1,1,0,7,7,7,1,0,1,1,0,2,2,2,2,0,0,0,0,0,0,0,0,0,0,2,0,2,5,5,5,2,0
X1_73,2.02870471839404,8.041692318580674,-11.230724104948347,0,0,0,1,1,0,7,7,7,1,0,1,1,0,2,2,2,2,0,0,0,0,0,0,0,0,0,0,2,0,2,5,5,5,2,0
X1_113,-3.0356962649938914,5.632364341031632,-17.39830113312844,0,0,0,1,1,0,7,7,7,1,0,1,1,0,2,2,2,2,0,0,0,0,0,0,0,0,0,0,2,0,2,5,5,5,2,0
X1_107,6.887156275182711,-1.8656107256086518,-14.502131377256928,0,0,0,4,4,4,4,4,4,1,0,1,1,0,4,4,4,1,0,0,0,0,0,0,0,0,0,0,2,0,4,4,4,4,4,4
X1_111,-16.413430530559747,-9.982209056292312,-17.423877997729154,0,0,1,0,2,2,2,0,3,0,1,0,4,1,0,7,7,7,0,0,0,0,0,0,0,0,0,0,0,2,0,3,1,0,8,8
X1_105,6.702680214066981,-0.004413332692845214,-16.60080423294646,0,0,0,4,4,4,4,4,4,1,0,1,1,0,4,4,4,1,0,0,0,0,0,0,0,0,0,0,2,0,4,4,4,4,4,4
X1_139,1.2029487590113994,10.088042694261532,1.5474755722235374,0,0,0,4,4,4,4,4,4,1,0,1,1,0,4,4,4,1,0,0,0,0,0,0,0,0,0,0,2,0,4,4,4,4,4,4
X1_65,-23.194576624205137,12.267065611580518,15.101616976838097,0,0,1,0,2,2,2,0,9,0,1,0,0,4,1,0,0,4,0,0,0,0,0,0,0,0,0,0,0,2,0,2,2,2,0,9
X1_71,-39.26311389574593,-9.76252131039329,11.249518262370431,0,0,1,0,0,3,3,3,1,0,1,0,0,5,5,5,5,5,0,0,0,0,0,2,2,2,2,0,0,3,3,1,0,3,3,3
X1_59,-3.8860612330182827,7.108274108436203,-7.136916605088134,0,0,0,1,1,0,7,7,7,1,0,1,1,0,2,2,2,2,0,0,0,0,0,0,0,0,0,0,2,0,2,5,5,5,2,0
X1_58,-31.197394269873392,-16.306748734238063,-9.040516242975754,0,0,1,0,0,3,3,3,1,0,1,0,0,4,1,0,8,8,0,0,0,0,0,0,7,7,7,0,0,2,0,2,2,2,0,5
X1_70,13.91885842903787,4.222118908388124,-3.6247540014356483,0,2,2,2,5,5,5,2,2,1,0,3,3,3,3,1,1,0,0,0,1,1,1,1,1,1,1,1,1,1,1,0,6,6,6,6
X1_64,-7.622587837326582,8.827628992801886,0.28311677911625266,0,0,0,1,1,0,7,7,7,1,0,1,1,0,2,2,2,2,0,0,0,0,0,0,0,0,0,0,2,0,2,5,5,5,2,0
X1_138,-4.566796897651357,4.212512069019774,-9.416819091615674,0,0,0,1,1,0,7,7,7,1,0,1,1,0,2,2,2,2,0,0,0,0,0,0,0,0,0,0,2,0,2,5,5,5,2,0
X1_104,-0.6899286429039316,3.9498669429244733,-12.472602503232977,0,0,0,1,1,0,7,7,7,1,0,1,1,0,2,2,2,2,0,0,0,0,0,0,0,0,0,0,2,0,2,5,5,5,2,0
X1_110,-26.479850852335712,-0.3842170360755306,10.07544963601479,0,0,1,0,2,2,2,0,9,0,1,0,0,4,1,0,0,4,0,0,0,0,0,0,0,0,0,0,0,2,0,2,2,2,0,9
X1_128,-1.170923639751038,-1.0859518258808185,12.713925241410713,0,0,0,4,4,4,4,4,4,1,0,1,1,0,4,4,4,1,0,0,0,0,0,0,0,8,8,0,2,0,4,4,4,4,4,4
X1_114,0.8593868437847781,-0.9170284812194847,-1.8284931777471234,0,0,0,4,4,4,4,4,4,1,0,1,1,0,4,4,4,1,0,0,0,0,0,0,0,0,0,0,2,0,4,4,4,4,4,4
X1_100,-3.8263989980930124,6.203476468332107,-2.3512991197266007,0,0,0,1,1,0,7,7,7,1,0,1,1,0,2,2,2,2,0,0,0,0,0,0,0,0,0,0,2,0,2,5,5,5,2,0
X1_48,-26.28536581052171,-12.817513845552917,-10.784144612179285,0,0,1,0,2,2,2,0,3,0,1,0,4,1,0,7,7,7,0,0,0,0,0,0,0,0,0,0,0,2,0,3,1,0,8,8
X1_60,-8.08406179606883,15.48425399818868,-5.910629366778724,0,0,0,1,1,0,7,7,7,1,0,1,1,0,2,2,2,2,0,0,0,0,0,0,0,0,0,0,2,0,2,5,5,5,2,0
X1_74,-1.821218613213511,4.9364860269019495,-4.756406732702061,0,0,0,1,1,0,7,7,7,1,0,1,1,0,2,2,2,2,0,0,0,0,0,0,0,0,0,0,2,0,2,5,5,5,2,0
X1_75,-16.292047567400832,16.040699014196715,2.327901663240921,0,0,0,1,1,0,1,1,0,0,1,0,4,1,0,3,3,3,0,0,0,0,0,0,0,0,0,0,0,2,0,3,1,0,5,2
X1_61,-50.335961453921485,-5.642836754855244,-1.1608750964843737,1,1,3,3,3,1,0,5,5,0,2,2,2,2,6,6,6,6,0,0,0,0,0,2,2,2,2,0,0,3,3,1,0,7,7,7
X1_49,-37.1027636042236,-1.6360974524596847,-1.9300861210791105,0,0,1,0,0,3,3,3,1,0,1,0,0,4,1,0,8,8,0,0,0,0,0,0,0,0,0,0,0,2,0,2,2,2,0,5
X1_101,-10.731348300157853,1.7051881321665685,-18.885002223065456,0,0,0,1,1,0,1,1,0,0,1,0,4,1,0,3,3,3,0,0,0,0,0,0,0,0,0,0,0,2,0,3,1,0,5,2
X1_115,7.728624822881649,-4.308907279728132,-14.679450268237247,0,0,0,4,4,4,4,4,4,1,0,1,1,0,4,4,4,1,0,0,0,0,0,0,0,0,0,0,2,0,4,4,4,4,4,4
X1_129,18.83966805173973,-3.618851840821802,2.4520983047617895,0,2,2,2,5,5,5,2,2,1,0,3,3,3,3,1,1,0,0,0,1,1,1,1,1,1,1,1,1,1,1,0,3,1,1,1
X1_103,-23.208167448210652,11.11867838009228,-10.269545154399205,0,0,1,0,2,2,2,0,3,0,1,0,4,1,0,7,7,7,0,0,0,0,0,0,0,0,0,0,0,2,0,3,1,0,8,8
X1_117,-36.8430929061323,3.0252681600756497,5.533030650481986,0,0,1,0,0,3,3,3,1,0,1,0,0,4,1,0,8,8,0,0,0,0,0,0,0,0,0,0,0,2,0,2,2,2,0,5
X1_77,-24.548189431586263,20.992190583474564,-1.8791507017412061,0,0,1,0,2,2,2,0,9,0,1,0,0,4,1,0,0,4,0,0,0,0,0,0,0,0,0,0,0,2,0,2,2,2,0,5
X1_63,-25.995983522095873,11.464252440433556,17.349031837862654,0,0,1,0,2,2,2,0,9,0,1,0,0,4,1,0,0,4,0,0,0,0,0,0,0,0,0,0,0,2,0,2,2,2,0,9
X1_88,-17.914743261662444,16.96421207354031,3.770711483879024,0,0,0,1,1,0,1,1,0,0,1,0,4,1,0,3,3,3,0,0,0,0,0,0,0,0,0,0,0,2,0,3,1,0,5,2
X1_89,-20.456932664128377,-6.922275441668716,-0.2099726601211876,0,0,0,1,1,0,1,1,0,0,1,0,4,1,0,3,3,3,0,0,0,0,0,0,0,0,0,0,0,2,0,3,1,0,5,2
X1_62,-8.799748758204874,-9.6079483449058,-15.817687338975606,0,0,0,1,1,0,1,1,0,1,0,1,1,0,2,2,2,2,0,0,0,0,0,0,0,0,0,0,2,0,2,5,5,5,2,0
X1_76,11.604692105899717,5.488477874379966,-0.7645491556851084,0,2,2,2,5,5,5,2,2,1,0,3,3,3,3,1,1,0,0,0,1,1,1,1,1,1,1,1,1,1,1,0,6,6,6,6
X1_116,-2.7930747987948825,10.37407389577277,-17.744504920485802,0,0,0,1,1,0,7,7,7,1,0,1,1,0,2,2,2,2,0,0,0,0,0,0,0,0,0,0,2,0,2,5,5,5,2,0
X1_102,-27.96989797911244,14.300171442271695,-8.257061772909424,0,0,1,0,2,2,2,0,9,0,1,0,0,4,1,0,8,8,0,0,0,0,0,0,0,0,0,0,0,2,0,2,2,2,0,5
X1_11,-45.59319880289576,-12.080769850789274,1.1572982104513836,1,1,3,3,3,1,0,5,5,0,2,2,2,2,6,6,6,6,0,0,0,0,0,2,2,2,2,0,0,3,3,1,0,7,7,7
X1_5,0.7488690037081617,14.861070082765778,-9.319087808566115,0,0,0,1,1,0,7,7,7,1,0,1,1,0,2,2,2,2,0,0,0,0,0,0,0,0,0,0,2,0,2,5,5,5,2,0
X1_39,11.068844672760791,4.15534633800107,-11.270866548990433,0,0,0,4,4,4,4,4,4,1,0,1,1,0,4,4,4,1,0,0,0,0,0,0,0,0,0,0,2,0,4,4,4,4,4,4
X1_38,16.612119119820033,-1.9797374848161096,-6.1364241526961125,0,2,2,2,5,5,5,2,2,1,0,3,3,3,3,1,1,0,0,0,1,1,1,1,1,1,1,1,1,1,1,0,6,6,6,6
X1_4,-24.30077772649454,-12.753918699547249,20.145574735244463,0,0,1,0,0,6,6,6,6,0,1,0,0,4,1,0,0,9,0,0,0,4,4,4,4,4,4,0,0,2,0,2,2,2,0,9
X1_10,6.557579735828294,2.6684532619026498,-11.965235233194967,0,0,0,4,4,4,4,4,4,1,0,1,1,0,4,4,4,1,0,0,0,0,0,0,0,0,0,0,2,0,4,4,4,4,4,4
X1_6,-16.269335139016725,5.693313736228545,-13.802755977514519,0,0,0,1,1,0,1,1,0,0,1,0,4,1,0,3,3,3,0,0,0,0,0,0,0,0,0,0,0,2,0,3,1,0,5,2
X1_12,-23.00672688211057,-11.694137810522244,19.775974019502133,0,0,1,0,0,6,6,6,6,0,1,0,0,4,1,0,0,9,0,0,0,4,4,4,4,4,4,0,0,2,0,2,2,2,0,9
X1_13,-32.95996702905399,-0.7133421227092939,17.41587454002545,0,0,1,0,0,3,3,3,1,0,1,0,0,5,5,5,5,5,0,0,0,0,0,0,0,0,0,0,0,3,3,1,0,3,3,3
X1_7,-36.06802484299233,-4.081929085608582,32.680119038956775,1,1,3,3,3,1,0,8,8,0,2,2,2,2,6,6,6,6,1,1,3,3,3,3,3,3,3,0,0,3,3,1,0,7,7,7
X1_3,-32.976120598692916,-0.9924421793416937,17.41857945699997,0,0,1,0,0,3,3,3,1,0,1,0,0,5,5,5,5,5,0,0,0,0,0,0,0,0,0,0,0,3,3,1,0,3,3,3
X1_17,-16.422599798974627,11.232530768102732,-4.206779125864756,0,0,0,1,1,0,1,1,0,0,1,0,4,1,0,3,3,3,0,0,0,0,0,0,0,0,0,0,0,2,0,3,1,0,5,2
X1_16,15.235514141106899,1.789450665007434,-4.77332673075611,0,2,2,2,5,5,5,2,2,1,0,3,3,3,3,1,1,0,0,0,1,1,1,1,1,1,1,1,1,1,1,0,6,6,6,6
X1_2,6.853355180920783,2.1542038816718945,-16.128635867989402,0,0,0,4,4,4,4,4,4,1,0,1,1,0,4,4,4,1,0,0,0,0,0,0,0,0,0,0,2,0,4,4,4,4,4,4
X1_28,-8.511361446195158,14.65364201535749,11.078174293416012,0,0,0,1,1,0,1,1,0,0,1,0,4,1,0,3,3,3,0,0,0,0,0,0,0,0,0,0,2,0,2,5,5,5,2,0
X1_14,-11.199896542677912,-0.7601428145139331,-12.808168659195049,0,0,0,1,1,0,1,1,0,1,0,1,1,0,2,2,2,2,0,0,0,0,0,0,0,0,0,0,2,0,2,5,5,5,2,0
X1_0,-4.929108804968941,12.543573853807475,-6.538166609004618,0,0,0,1,1,0,7,7,7,1,0,1,1,0,2,2,2,2,0,0,0,0,0,0,0,0,0,0,2,0,2,5,5,5,2,0
X1_1,12.181326775189188,-1.9571127866654896,-14.392585624717173,0,0,0,4,4,4,4,4,4,1,0,1,1,0,4,4,4,1,0,0,0,0,0,0,0,0,0,0,2,0,4,4,4,4,4,4
X1_29,-13.20117922707327,20.362024890001432,1.226402019930909,0,0,0,1,1,0,1,1,0,0,1,0,4,1,0,3,3,3,0,0,0,0,0,0,0,0,0,0,0,2,0,3,1,0,5,2
X1_30,17.216826669078834,-4.153771972463918,-7.511382241383997,0,2,2,2,5,5,5,2,2,1,0,3,3,3,3,1,1,0,0,0,1,1,1,1,1,1,1,1,1,1,1,0,6,6,6,6
X1_24,-29.16560816509978,25.518093083625324,6.4002322421560365,0,0,1,0,0,3,3,3,1,0,1,0,0,5,5,5,5,5,0,0,0,0,5,5,5,5,5,0,0,2,0,2,2,2,0,5
X1_18,-26.315130074087307,2.8458157521224083,-8.417446235223725,0,0,1,0,2,2,2,0,3,0,1,0,4,1,0,7,7,7,0,0,0,0,0,0,0,0,0,0,0,2,0,3,1,0,8,8
X1_19,-7.396850487288032,11.128469138566471,2.2924706149871503,0,0,0,1,1,0,7,7,7,1,0,1,1,0,2,2,2,2,0,0,0,0,0,0,0,0,0,0,2,0,2,5,5,5,2,0
X1_25,-5.546044357885526,12.033917041044413,-2.3845692197950203,0,0,0,1,1,0,7,7,7,1,0,1,1,0,2,2,2,2,0,0,0,0,0,0,0,0,0,0,2,0,2,5,5,5,2,0
X1_31,-38.61053297387412,-17.143555991564753,4.194462630453561,0,0,1,0,0,3,3,3,1,0,1,0,0,5,5,5,5,5,0,0,0,0,0,2,2,2,2,0,0,3,3,1,0,3,3,3
X1_27,15.249788563295994,1.7479628175018613,-4.756030615464762,0,2,2,2,5,5,5,2,2,1,0,3,3,3,3,1,1,0,0,0,1,1,1,1,1,1,1,1,1,1,1,0,6,6,6,6
X1_33,-15.094108913943419,14.562804020811413,10.987310109231549,0,0,0,1,1,0,1,1,0,0,1,0,4,1,0,3,3,3,0,0,0,0,0,0,0,0,0,0,0,2,0,3,1,0,5,2
X1_32,-24.448431657462393,-6.7423706315902265,-15.624963025919703,0,0,1,0,2,2,2,0,3,0,1,0,4,1,0,7,7,7,0,0,0,0,0,0,0,0,0,0,0,2,0,3,1,0,8,8
X1_26,-3.811542029199816,18.858153541433047,-4.200990049720267,0,0,0,1,1,0,7,7,7,1,0,1,1,0,2,2,2,2,0,0,0,0,0,0,0,0,0,0,2,0,2,5,5,5,2,0
X1_22,-33.897338443092735,-0.9023405492719786,13.750767719913465,0,0,1,0,0,3,3,3,1,0,1,0,0,5,5,5,5,5,0,0,0,0,0,0,0,0,0,0,0,3,3,1,0,3,3,3
X1_36,-12.483928871045244,-0.2671732179067026,-12.045706637257279,0,0,0,1,1,0,1,1,0,1,0,1,1,0,2,2,2,2,0,0,0,0,0,0,0,0,0,0,2,0,2,5,5,5,2,0
X1_37,14.9767428766425,2.992221734785118,-4.4469730551766755,0,2,2,2,5,5,5,2,2,1,0,3,3,3,3,1,1,0,0,0,1,1,1,1,1,1,1,1,1,1,1,0,6,6,6,6
X1_23,-14.44014950800055,4.2449121165589405,2.721120527853566,0,0,0,1,1,0,1,1,0,0,1,0,4,1,0,3,3,3,0,0,0,0,0,0,0,0,0,0,2,0,2,5,5,5,2,0
X1_9,-48.65281289307798,-23.267890627258744,-6.044244790100964,1,1,3,3,3,1,0,5,5,0,2,2,2,2,6,6,6,6,0,2,2,2,2,6,6,6,6,0,0,3,3,1,0,7,7,7
X1_35,-19.662560580800523,5.255717779833437,-12.52996220675457,0,0,0,1,1,0,1,1,0,0,1,0,4,1,0,3,3,3,0,0,0,0,0,0,0,0,0,0,0,2,0,3,1,0,5,2
X1_21,-16.22006350244764,17.562329589240594,-4.997357386994667,0,0,0,1,1,0,1,1,0,0,1,0,4,1,0,3,3,3,0,0,0,0,0,0,0,0,0,0,0,2,0,3,1,0,5,2
X1_20,-5.258301110705463,15.650486731920141,4.654149813188089,0,0,0,1,1,0,7,7,7,1,0,1,1,0,2,2,2,2,0,0,0,0,0,0,0,0,0,0,2,0,2,5,5,5,2,0
X1_34,-7.2073577144446155,15.191011493093722,-8.666536453532368,0,0,0,1,1,0,7,7,7,1,0,1,1,0,2,2,2,2,0,0,0,0,0,0,0,0,0,0,2,0,2,5,5,5,2,0
X1_8,-3.2882291235682537,-10.754415066318913,-14.919247035237106,0,0,0,1,1,0,7,7,7,1,0,1,1,0,2,2,2,2,0,0,0,0,0,0,0,0,0,0,2,0,2,5,5,5,2,0
X1_127,-5.232761510175345,9.459012171610844,-13.027015921243985,0,0,0,1,1,0,7,7,7,1,0,1,1,0,2,2,2,2,0,0,0,0,0,0,0,0,0,0,2,0,2,5,5,5,2,0
X1_133,-10.05398810304634,6.90121371619159,-4.892248264804202,0,0,0,1,1,0,7,7,7,1,0,1,1,0,2,2,2,2,0,0,0,0,0,0,0,0,0,0,2,0,2,5,5,5,2,0
X1_53,-32.496091349044306,7.237106052924337,22.226880343628114,0,0,1,0,0,3,3,3,1,0,1,0,0,5,5,5,5,5,0,0,0,0,0,0,0,0,0,0,0,3,3,1,0,3,3,3
X1_47,-24.536062619244788,17.98869636055096,3.968595343562351,0,0,1,0,2,2,2,0,9,0,1,0,0,4,1,0,0,4,0,0,0,0,0,0,0,0,0,0,0,2,0,2,2,2,0,5
X1_90,-22.36105329679503,-10.0579593387017,-14.393537568872725,0,0,1,0,2,2,2,0,3,0,1,0,4,1,0,7,7,7,0,0,0,0,0,0,0,0,0,0,0,2,0,3,1,0,8,8
X1_84,-24.501564784351523,-2.517257771716877,-9.681813654729325,0,0,1,0,2,2,2,0,3,0,1,0,4,1,0,7,7,7,0,0,0,0,0,0,0,0,0,0,0,2,0,3,1,0,8,8
X1_85,7.1936298861134915,12.374579203034534,-4.956629178451841,0,0,0,4,4,4,4,4,4,1,0,1,1,0,4,4,4,1,0,0,0,0,0,0,0,0,0,0,2,0,4,4,4,4,4,4
X1_91,-34.786853712151355,6.652250947928324,-10.494766052349043,0,0,1,0,0,3,3,3,1,0,1,0,0,4,1,0,8,8,0,0,0,0,0,0,0,0,0,0,0,2,0,2,2,2,0,5
X1_46,-23.26522028985382,-6.064635051796385,-9.845274420064593,0,0,1,0,2,2,2,0,3,0,1,0,4,1,0,7,7,7,0,0,0,0,0,0,0,0,0,0,0,2,0,3,1,0,8,8
X1_52,-45.45400339717635,-11.993842014289429,-11.543173577631793,1,1,3,3,3,1,0,5,5,0,2,2,2,2,6,6,6,6,0,0,0,0,0,2,2,2,2,0,0,3,3,1,0,7,7,7
X1_132,-43.46714484876114,0.9231715195933431,10.734119483883967,0,0,1,0,0,3,3,3,1,0,1,0,0,5,5,5,5,5,0,0,0,0,0,2,2,2,2,0,0,3,3,1,0,3,3,3
X1_126,-13.04789568243902,-8.728522608984902,-9.54691400355773,0,0,0,1,1,0,1,1,0,1,0,1,1,0,2,2,2,2,0,0,0,0,0,0,0,0,0,0,2,0,2,5,5,5,2,0
X1_130,-17.114428641097824,-18.450029318400546,-13.111738491872678,0,0,1,0,2,2,2,0,3,0,1,0,4,1,0,7,7,7,0,0,0,0,0,0,0,0,0,0,0,2,0,3,1,0,8,8
X1_124,-5.8948349919630765,9.735596590716662,-4.766290253780254,0,0,0,1,1,0,7,7,7,1,0,1,1,0,2,2,2,2,0,0,0,0,0,0,0,0,0,0,2,0,2,5,5,5,2,0
X1_118,16.259309153693412,0.978306987622045,-3.386721907722259,0,2,2,2,5,5,5,2,2,1,0,3,3,3,3,1,1,0,0,0,1,1,1,1,1,1,1,1,1,1,1,0,6,6,6,6
X1_44,-25.81519684393499,-0.9141519272609089,-13.07549619634047,0,0,1,0,2,2,2,0,3,0,1,0,4,1,0,7,7,7,0,0,0,0,0,0,0,0,0,0,0,2,0,3,1,0,8,8
X1_50,-23.243198918111084,-5.978531046162953,-9.943348168827365,0,0,1,0,2,2,2,0,3,0,1,0,4,1,0,7,7,7,0,0,0,0,0,0,0,0,0,0,0,2,0,3,1,0,8,8
X1_78,-11.63067116613105,0.8107940666711866,-0.5407988043209659,0,0,0,1,1,0,7,7,7,1,0,1,1,0,2,2,2,2,0,0,0,0,0,0,0,0,0,0,2,0,2,5,5,5,2,0
X1_87,-18.0308722568154,7.815924549204118,14.81601941213543,0,0,0,1,1,0,1,1,0,0,1,0,4,1,0,3,3,3,0,0,0,0,0,0,0,0,0,0,0,2,0,3,1,0,5,2
X1_93,-21.536824198593404,-10.687104606081947,10.16691633640517,0,0,1,0,2,2,2,0,9,0,1,0,0,4,1,0,0,4,0,0,0,0,0,0,0,0,0,0,0,2,0,2,2,2,0,9
X1_92,-30.410938534154415,-7.48426738553414,7.659374295776785,0,0,1,0,2,2,2,0,9,0,1,0,0,4,1,0,0,4,0,0,0,0,0,0,0,0,9,0,0,2,0,2,2,2,0,9
X1_86,-40.15411382023602,8.309942965294985,11.67214750264397,0,0,1,0,0,3,3,3,1,0,1,0,0,5,5,5,5,5,0,0,0,0,0,2,2,2,2,0,0,3,3,1,0,3,3,3
X1_79,15.406798338029642,4.570635682058256,4.0601840575710915,0,2,2,2,5,5,5,2,2,1,0,3,3,3,3,1,1,0,0,0,1,1,1,1,1,1,1,1,1,1,1,0,6,6,6,6
X1_51,-21.276368302053452,6.085809275665967,20.658970621720865,0,0,1,0,2,2,2,0,9,0,1,0,0,4,1,0,0,4,0,0,0,0,0,0,0,0,0,0,0,2,0,2,2,2,0,9
X1_45,-21.10355513038469,19.822763011463362,13.202401394527861,0,0,1,0,2,2,2,0,9,0,1,0,0,4,1,0,0,4,0,0,0,0,0,0,0,0,0,0,0,2,0,2,2,2,0,9
X1_119,-2.144500289070204,20.471756232646378,-15.7305243265636,0,0,0,1,1,0,1,1,0,0,1,0,4,1,0,3,3,3,0,0,0,0,0,0,0,0,0,0,2,0,2,5,5,5,2,0
X1_125,1.4954251054803318,7.280046519133963,-9.708399546270044,0,0,0,1,1,0,7,7,7,1,0,1,1,0,2,2,2,2,0,0,0,0,0,0,0,0,0,0,2,0,2,5,5,5,2,0
X1_131,8.817999847629608,4.377790906884567,-10.99344679078274,0,0,0,4,4,4,4,4,4,1,0,1,1,0,4,4,4,1,0,0,0,0,0,0,0,0,0,0,2,0,4,4,4,4,4,4
X1_109,9.755403725677557,-1.442865219796237,-12.127817954494407,0,0,0,4,4,4,4,4,4,1,0,1,1,0,4,4,4,1,0,0,0,0,0,0,0,0,0,0,2,0,4,4,4,4,4,4
X1_135,-16.37764542275948,1.298227330230066,-18.798371532322722,0,0,0,1,1,0,1,1,0,0,1,0,4,1,0,3,3,3,0,0,0,0,0,0,0,0,0,0,0,2,0,3,1,0,5,2
X1_121,0.31406723368516426,6.798258543624747,-19.206418138029345,0,0,0,1,1,0,7,7,7,1,0,1,1,0,2,2,2,2,0,0,0,0,0,0,0,0,0,0,2,0,2,5,5,5,2,0
X1_69,-3.4325348263989572,0.023948310534439996,-14.712226081025348,0,0,0,1,1,0,7,7,7,1,0,1,1,0,2,2,2,2,0,0,0,0,0,0,0,0,0,0,2,0,2,5,5,5,2,0
X1_41,-13.497610612885097,3.3920260131620132,-19.775622921754096,0,0,0,1,1,0,1,1,0,0,1,0,4,1,0,3,3,3,0,0,0,0,0,0,0,0,0,0,0,2,0,3,1,0,5,2
X1_55,17.241804883757066,-5.380195850201414,-5.761294375732082,0,2,2,2,5,5,5,2,2,1,0,3,3,3,3,1,1,0,0,0,1,1,1,1,1,1,1,1,1,1,1,0,6,6,6,6
X1_82,-26.36518166072162,19.638210251744162,-10.649986741618086,0,0,1,0,2,2,2,0,9,0,1,0,0,4,1,0,8,8,0,0,0,0,0,0,0,0,0,0,0,2,0,2,2,2,0,5
X1_96,-21.872463331276656,4.3113993135252,-19.009037216061262,0,0,1,0,2,2,2,0,3,0,1,0,4,1,0,7,7,7,0,0,0,0,0,0,0,0,0,0,0,2,0,3,1,0,8,8
X1_97,-26.82112485138006,4.7814247267270895,-2.098743004226349,0,0,1,0,2,2,2,0,3,0,1,0,4,1,0,7,7,7,0,0,0,0,0,0,0,0,0,0,0,2,0,3,1,0,8,8
X1_83,-24.776682277632126,10.715001733156775,0.8883015154761152,0,0,1,0,2,2,2,0,3,0,1,0,4,1,0,7,7,7,0,0,0,0,0,0,0,0,0,0,0,2,0,3,1,0,8,8
X1_54,-6.598418440180038,0.07413453498940849,-6.276062041009091,0,0,0,1,1,0,7,7,7,1,0,1,1,0,2,2,2,2,0,0,0,0,0,0,0,0,0,0,2,0,2,5,5,5,2,0
X1_40,-29.174490996385934,15.064027437018918,-2.529500628281338,0,0,1,0,2,2,2,0,9,0,1,0,0,4,1,0,8,8,0,0,0,0,0,0,0,0,0,0,0,2,0,2,2,2,0,5
X1_68,-10.064648554964052,-3.587292051870861,-13.684110110011348,0,0,0,1,1,0,1,1,0,1,0,1,1,0,2,2,2,2,0,0,0,0,0,0,0,0,0,0,2,0,2,5,5,5,2,0
X1_120,-11.931178321167224,11.593972826139789,-20.902881480596925,0,0,0,1,1,0,1,1,0,0,1,0,4,1,0,3,3,3,0,0,0,0,0,0,0,0,0,0,0,2,0,3,1,0,5,2
X1_134,4.703552751596729,12.792772883027888,5.377671929186232,0,0,0,4,4,4,4,4,4,1,0,1,1,0,4,4,4,1,0,0,0,0,0,0,0,0,0,0,2,0,4,4,4,4,4,4
X1_108,-20.137770210819845,10.773138164314648,2.43914251935649,0,0,0,1,1,0,1,1,0,0,1,0,4,1,0,3,3,3,0,0,0,0,0,0,0,0,0,0,0,2,0,3,1,0,5,2
X1_122,11.628257359025714,-0.7023443130442906,-14.68924722255083,0,0,0,4,4,4,4,4,4,1,0,1,1,0,4,4,4,1,0,0,0,0,0,0,0,0,0,0,2,0,4,4,4,4,4,4
X1_136,-8.879084476038638,1.967359817913645,-11.520778469875214,0,0,0,1,1,0,7,7,7,1,0,1,1,0,2,2,2,2,0,0,0,0,0,0,0,0,0,0,2,0,2,5,5,5,2,0
X1_56,10.456749636710748,-5.487857431084938,-12.625456429479408,0,0,0,4,4,4,4,4,4,1,0,1,1,0,4,4,4,1,0,0,0,0,0,0,0,0,0,0,2,0,4,4,4,4,4,4
X1_42,7.120559819328677,3.7932341321754732,-8.040871318149433,0,0,0,4,4,4,4,4,4,1,0,1,1,0,4,4,4,1,0,0,0,0,0,0,0,0,0,0,2,0,4,4,4,4,4,4
X1_95,-3.404863011651024,6.873802981503192,-11.625439359503947,0,0,0,1,1,0,7,7,7,1,0,1,1,0,2,2,2,2,0,0,0,0,0,0,0,0,0,0,2,0,2,5,5,5,2,0
X1_81,-33.2381680061645,7.564732718713536,-7.250348116616526,0,0,1,0,0,3,3,3,1,0,1,0,0,4,1,0,8,8,0,0,0,0,0,0,0,0,0,0,0,2,0,2,2,2,0,5
X1_80,-20.618931631880894,-7.6204221014605285,-0.0783280185741042,0,0,0,1,1,0,1,1,0,0,1,0,4,1,0,3,3,3,0,0,0,0,0,0,0,0,0,0,0,2,0,3,1,0,5,2
X1_94,-7.893960287412533,2.5811179487819027,-7.957133266953414,0,0,0,1,1,0,7,7,7,1,0,1,1,0,2,2,2,2,0,0,0,0,0,0,0,0,0,0,2,0,2,5,5,5,2,0
X1_43,-24.04720878061468,13.08391374799106,-6.185821104997033,0,0,1,0,2,2,2,0,3,0,1,0,4,1,0,7,7,7,0,0,0,0,0,0,0,0,0,0,0,2,0,3,1,0,8,8
X1_57,-7.862535093742277,23.106269113543405,-0.7993291519201237,0,0,0,1,1,0,1,1,0,0,1,0,4,1,0,3,3,3,0,0,0,0,0,0,0,0,0,0,2,0,2,5,5,5,2,0
X1_137,-18.19760807272027,10.737842367892151,7.975625930896885,0,0,0,1,1,0,1,1,0,0,1,0,4,1,0,3,3,3,0,0,0,0,0,0,0,0,0,0,0,2,0,3,1,0,5,2
X1_123,-14.541055868484195,10.660175937075062,-7.201356138974483,0,0,0,1,1,0,1,1,0,0,1,0,4,1,0,3,3,3,0,0,0,0,0,0,0,0,0,0,2,0,2,5,5,5,2,0
Y1_304,17.096741404759058,-5.373739758048891,7.195372914311502,0,2,2,2,5,5,5,2,2,1,0,3,3,3,3,1,1,0,0,0,1,1,1,1,1,1,1,1,1,1,1,0,3,1,1,1
Y1_310,17.16365991503524,-4.650258930948744,7.341853276027002,0,2,2,2,5,5,5,2,2,1,0,3,3,3,3,1,1,0,0,0,1,1,1,1,1,1,1,1,1,1,1,0,3,1,1,1
Y1_338,17.312912486239888,-7.124421152398316,6.019500399969789,0,2,2,2,5,5,5,2,2,1,0,3,3,3,3,1,1,0,0,0,1,1,1,1,1,1,1,1,1,1,1,0,3,1,1,1
Y1_106,18.03171925490239,-4.527507134442433,5.289879144968745,0,2,2,2,5,5,5,2,2,1,0,3,3,3,3,1,1,0,0,0,1,1,1,1,1,1,1,1,1,1,1,0,3,1,1,1
Y1_112,16.581028679074794,-3.726112843621203,8.964403357143619,0,2,2,2,5,5,5,2,2,1,0,3,3,3,3,1,1,0,0,0,1,1,1,1,1,1,1,1,1,1,1,0,3,1,1,1
Y1_113,17.90336356576374,-6.967998116913275,2.2946456835114697,0,2,2,2,5,5,5,2,2,1,0,3,3,3,3,1,1,0,0,0,1,1,1,1,1,1,1,1,1,1,1,0,3,1,1,1
Y1_107,16.59186625966717,-6.192683342512987,8.362777781981897,0,2,2,2,5,5,5,2,2,1,0,3,3,3,3,1,1,0,0,0,1,1,1,1,1,1,1,1,1,1,1,0,3,1,1,1
Y1_339,16.898215358615307,-6.63681345857243,7.069311466571274,0,2,2,2,5,5,5,2,2,1,0,3,3,3,3,1,1,0,0,0,1,1,1,1,1,1,1,1,1,1,1,0,3,1,1,1
Y1_311,17.921176325346536,-6.2645769919470995,4.241777642394958,0,2,2,2,5,5,5,2,2,1,0,3,3,3,3,1,1,0,0,0,1,1,1,1,1,1,1,1,1,1,1,0,3,1,1,1
Y1_305,18.169286295513718,-2.0017390425814408,6.68084532296123,0,2,2,2,5,5,5,2,2,1,0,3,3,3,3,1,1,0,0,0,1,1,1,1,1,1,1,1,1,1,1,0,3,1,1,1
Y1_313,17.74024214613473,-3.87597038928203,6.452536966163579,0,2,2,2,5,5,5,2,2,1,0,3,3,3,3,1,1,0,0,0,1,1,1,1,1,1,1,1,1,1,1,0,3,1,1,1
Y1_307,16.74006101096981,-6.247860180849289,8.071548199396133,0,2,2,2,5,5,5,2,2,1,0,3,3,3,3,1,1,0,0,0,1,1,1,1,1,1,1,1,1,1,1,0,3,1,1,1
Y1_111,17.15288505745453,-7.327925706768386,6.2841168795340785,0,2,2,2,5,5,5,2,2,1,0,3,3,3,3,1,1,0,0,0,1,1,1,1,1,1,1,1,1,1,1,0,3,1,1,1
Y1_105,17.349168656441215,-5.5372360341340405,6.593633095502603,0,2,2,2,5,5,5,2,2,1,0,3,3,3,3,1,1,0,0,0,1,1,1,1,1,1,1,1,1,1,1,0,3,1,1,1
Y1_104,17.07861275943853,-2.345655711808869,9.191565178351404,0,2,2,2,5,5,5,2,2,1,0,3,3,3,3,1,1,0,0,0,1,1,1,1,1,1,1,1,1,1,1,0,3,1,1,1
Y1_110,16.87802348737949,-1.2083805425028054,8.972186496955057,0,2,2,2,5,5,5,2,2,1,0,3,3,3,3,1,1,0,0,0,1,1,1,1,1,1,1,1,1,1,1,0,3,1,1,1
Y1_306,17.56401226528234,-8.550122324316938,1.6756217382631309,0,2,2,2,5,5,5,2,2,1,0,3,3,3,3,1,1,0,0,0,1,1,1,1,1,1,1,1,1,1,1,0,3,1,1,1
Y1_312,17.83467216086313,-3.551943354021983,6.1454913575170025,0,2,2,2,5,5,5,2,2,1,0,3,3,3,3,1,1,0,0,0,1,1,1,1,1,1,1,1,1,1,1,0,3,1,1,1
Y1_316,15.894747060998569,-2.8534237874269794,10.550266776418187,0,2,2,2,5,5,5,2,2,1,0,3,3,3,3,1,1,0,0,0,1,1,1,1,1,1,1,1,1,1,1,0,3,1,1,1
Y1_302,17.412939762510543,-2.1638525789535072,7.726912666335367,0,2,2,2,5,5,5,2,2,1,0,3,3,3,3,1,1,0,0,0,1,1,1,1,1,1,1,1,1,1,1,0,3,1,1,1
Y1_114,17.434024383335412,-8.94121945129614,3.5754151454248806,0,2,2,2,5,5,5,2,2,1,0,3,3,3,3,1,1,0,0,0,1,1,1,1,1,1,1,1,1,1,1,0,3,1,1,1
Y1_101,18.22118780385237,-2.2583533071776127,6.3237786527785405,0,2,2,2,5,5,5,2,2,1,0,3,3,3,3,1,1,0,0,0,1,1,1,1,1,1,1,1,1,1,1,0,3,1,1,1
Y1_115,17.086313856663534,-3.3129910218613525,9.0654746437632,0,2,2,2,5,5,5,2,2,1,0,3,3,3,3,1,1,0,0,0,1,1,1,1,1,1,1,1,1,1,1,0,3,1,1,1
Y1_303,17.996234241891806,-0.2290109484288171,6.988680999698303,0,2,2,2,5,5,5,2,2,1,0,3,3,3,3,1,1,0,0,0,1,1,1,1,1,1,1,1,1,1,1,0,3,1,1,1
Y1_317,17.574121027186713,-3.1306858402786726,7.448781327150555,0,2,2,2,5,5,5,2,2,1,0,3,3,3,3,1,1,0,0,0,1,1,1,1,1,1,1,1,1,1,1,0,3,1,1,1
Y1_329,17.605590535006662,-5.900649793724311,5.607930322191844,0,2,2,2,5,5,5,2,2,1,0,3,3,3,3,1,1,0,0,0,1,1,1,1,1,1,1,1,1,1,1,0,3,1,1,1
Y1_301,18.961371650607425,-5.373674447752395,1.3648798991058715,0,2,2,2,5,5,5,2,2,1,0,3,3,3,3,1,1,0,0,0,1,1,1,1,1,1,1,1,1,1,1,0,3,1,1,1
Y1_315,16.327801308395042,-6.504707677316104,8.308099482044854,0,2,2,2,5,5,5,2,2,1,0,3,3,3,3,1,1,0,0,0,1,1,1,1,1,1,1,1,1,1,1,0,3,1,1,1
Y1_103,16.280334006406648,-2.455561075209879,10.01412806090629,0,2,2,2,5,5,5,2,2,1,0,3,3,3,3,1,1,0,0,0,1,1,1,1,1,1,1,1,1,1,1,0,3,1,1,1
Y1_117,16.18723854596385,-3.38913822513995,9.970926182935237,0,2,2,2,5,5,5,2,2,1,0,3,3,3,3,1,1,0,0,0,1,1,1,1,1,1,1,1,1,1,1,0,3,1,1,1
Y1_116,16.714390651560844,-4.252468470605333,8.739583827822196,0,2,2,2,5,5,5,2,2,1,0,3,3,3,3,1,1,0,0,0,1,1,1,1,1,1,1,1,1,1,1,0,3,1,1,1
Y1_102,17.63927879343065,-7.693672419835401,0.5934562561412438,0,2,2,2,5,5,5,2,2,1,0,3,3,3,3,1,1,0,0,0,1,1,1,1,1,1,1,1,1,1,1,0,3,1,1,1
Y1_314,17.954105734001512,-5.849093300414134,4.558798355410062,0,2,2,2,5,5,5,2,2,1,0,3,3,3,3,1,1,0,0,0,1,1,1,1,1,1,1,1,1,1,1,0,3,1,1,1
Y1_328,17.819393342842748,-5.9907982891064675,4.91547409318578,0,2,2,2,5,5,5,2,2,1,0,3,3,3,3,1,1,0,0,0,1,1,1,1,1,1,1,1,1,1,1,0,3,1,1,1
Y1_213,17.680314166465706,-6.282754993195135,5.449676823366419,0,2,2,2,5,5,5,2,2,1,0,3,3,3,3,1,1,0,0,0,1,1,1,1,1,1,1,1,1,1,1,0,3,1,1,1
Y1_207,18.052784953405716,-6.71052318826002,1.2834554066991717,0,2,2,2,5,5,5,2,2,1,0,3,3,3,3,1,1,0,0,0,1,1,1,1,1,1,1,1,1,1,1,0,3,1,1,1
Y1_206,17.43739014370246,-1.4566636366999182,8.08139003172941,0,2,2,2,5,5,5,2,2,1,0,3,3,3,3,1,1,0,0,0,1,1,1,1,1,1,1,1,1,1,1,0,3,1,1,1
Y1_212,17.586503458811865,-0.99806418911801,8.331481872147094,0,2,2,2,5,5,5,2,2,1,0,3,3,3,3,1,1,0,0,0,1,1,1,1,1,1,1,1,1,1,1,0,3,1,1,1
Y1_204,17.405026105577363,0.3303735771447027,8.345345041446603,0,2,2,2,5,5,5,2,2,1,0,3,3,3,3,1,1,0,0,0,1,1,1,1,1,1,1,1,1,1,1,0,3,1,1,1
Y1_210,17.59043027934244,-2.7695115081083124,7.30134517202173,0,2,2,2,5,5,5,2,2,1,0,3,3,3,3,1,1,0,0,0,1,1,1,1,1,1,1,1,1,1,1,0,3,1,1,1
Y1_211,17.72576568101825,-7.2071911816392635,0.9547746135911838,0,2,2,2,5,5,5,2,2,1,0,3,3,3,3,1,1,0,0,0,1,1,1,1,1,1,1,1,1,1,1,0,3,1,1,1
Y1_205,17.820066345507556,-6.571605470096155,4.288113344201134,0,2,2,2,5,5,5,2,2,1,0,3,3,3,3,1,1,0,0,0,1,1,1,1,1,1,1,1,1,1,1,0,3,1,1,1
Y1_349,18.01344656867147,-3.94915486422934,5.390803332292128,0,2,2,2,5,5,5,2,2,1,0,3,3,3,3,1,1,0,0,0,1,1,1,1,1,1,1,1,1,1,1,0,3,1,1,1
Y1_201,17.844028769664423,-7.28970397031328,3.058044583530992,0,2,2,2,5,5,5,2,2,1,0,3,3,3,3,1,1,0,0,0,1,1,1,1,1,1,1,1,1,1,1,0,3,1,1,1
Y1_215,18.264393878344773,-5.7250346175268865,2.660042948080561,0,2,2,2,5,5,5,2,2,1,0,3,3,3,3,1,1,0,0,0,1,1,1,1,1,1,1,1,1,1,1,0,3,1,1,1
Y1_214,17.738732170040862,-7.626219527308146,2.9853594934534256,0,2,2,2,5,5,5,2,2,1,0,3,3,3,3,1,1,0,0,0,1,1,1,1,1,1,1,1,1,1,1,0,3,1,1,1
Y1_348,17.638334806297692,-8.1497295201007,1.5556613750921973,0,2,2,2,5,5,5,2,2,1,0,3,3,3,3,1,1,0,0,0,1,1,1,1,1,1,1,1,1,1,1,0,3,1,1,1
Y1_216,16.21889543491756,-4.995483145509369,9.09191006393678,0,2,2,2,5,5,5,2,2,1,0,3,3,3,3,1,1,0,0,0,1,1,1,1,1,1,1,1,1,1,1,0,3,1,1,1
Y1_202,18.07407992579634,-5.3389707869515775,4.483616705751552,0,2,2,2,5,5,5,2,2,1,0,3,3,3,3,1,1,0,0,0,1,1,1,1,1,1,1,1,1,1,1,0,3,1,1,1
Y1_203,17.13806039823618,-8.035354027887202,5.823196405979471,0,2,2,2,5,5,5,2,2,1,0,3,3,3,3,1,1,0,0,0,1,1,1,1,1,1,1,1,1,1,1,0,3,1,1,1
Y1_217,16.85280632468496,-6.870709534663867,6.816330008106495,0,2,2,2,5,5,5,2,2,1,0,3,3,3,3,1,1,0,0,0,1,1,1,1,1,1,1,1,1,1,1,0,3,1,1,1
Y1_346,17.219296124545693,-3.3686547336392607,8.016295066784958,0,2,2,2,5,5,5,2,2,1,0,3,3,3,3,1,1,0,0,0,1,1,1,1,1,1,1,1,1,1,1,0,3,1,1,1
Y1_347,17.501094002141908,-6.165315355991792,5.833495928233348,0,2,2,2,5,5,5,2,2,1,0,3,3,3,3,1,1,0,0,0,1,1,1,1,1,1,1,1,1,1,1,0,3,1,1,1
Y1_345,17.452332986762524,-7.875483962802256,0.45306433464755175,0,2,2,2,5,5,5,2,2,1,0,3,3,3,3,1,1,0,0,0,1,1,1,1,1,1,1,1,1,1,1,0,3,1,1,1
Y1_219,17.1718948555105,-6.664059496099814,6.103574652936278,0,2,2,2,5,5,5,2,2,1,0,3,3,3,3,1,1,0,0,0,1,1,1,1,1,1,1,1,1,1,1,0,3,1,1,1
Y1_218,17.149452513446928,-8.196846636205047,5.714130068660303,0,2,2,2,5,5,5,2,2,1,0,3,3,3,3,1,1,0,0,0,1,1,1,1,1,1,1,1,1,1,1,0,3,1,1,1
Y1_224,15.729384072264299,-7.691942497199126,-4.551007199910983,0,2,2,2,5,5,5,2,2,1,0,3,3,3,3,1,1,0,0,0,1,1,1,1,1,1,1,1,1,1,1,0,6,6,6,6
Y1_344,17.120635002437655,-4.834780921260538,7.253012067666476,0,2,2,2,5,5,5,2,2,1,0,3,3,3,3,1,1,0,0,0,1,1,1,1,1,1,1,1,1,1,1,0,3,1,1,1
Y1_340,16.71956900993776,-0.851285334754273,9.569085141437428,0,2,2,2,5,5,5,2,2,1,0,3,3,3,3,1,1,0,0,0,1,1,1,1,1,1,1,1,1,1,1,0,3,1,1,1
Y1_208,17.501251112672342,0.614306922133822,8.189973002145068,0,2,2,2,5,5,5,2,2,1,0,3,3,3,3,1,1,0,0,0,1,1,1,1,1,1,1,1,1,1,1,0,3,1,1,1
Y1_220,18.31275143585691,-3.315001593902441,5.95082676069008,0,2,2,2,5,5,5,2,2,1,0,3,3,3,3,1,1,0,0,0,1,1,1,1,1,1,1,1,1,1,1,0,3,1,1,1
Y1_221,17.55499421741503,-1.5462570117606271,7.653519006629996,0,2,2,2,5,5,5,2,2,1,0,3,3,3,3,1,1,0,0,0,1,1,1,1,1,1,1,1,1,1,1,0,3,1,1,1
Y1_209,16.82937047070788,-5.267074882320874,7.955707720537481,0,2,2,2,5,5,5,2,2,1,0,3,3,3,3,1,1,0,0,0,1,1,1,1,1,1,1,1,1,1,1,0,3,1,1,1
Y1_341,17.585732407979787,-8.259315465163274,3.6995060539954467,0,2,2,2,5,5,5,2,2,1,0,3,3,3,3,1,1,0,0,0,1,1,1,1,1,1,1,1,1,1,1,0,3,1,1,1
Y1_343,17.857465084526513,-2.2050936045024696,6.738501312009238,0,2,2,2,5,5,5,2,2,1,0,3,3,3,3,1,1,0,0,0,1,1,1,1,1,1,1,1,1,1,1,0,3,1,1,1
Y1_223,17.70330034695999,-7.6060420452648705,3.4090657106047586,0,2,2,2,5,5,5,2,2,1,0,3,3,3,3,1,1,0,0,0,1,1,1,1,1,1,1,1,1,1,1,0,3,1,1,1
Y1_222,17.22074591413171,-4.3351430719043105,7.234055577062874,0,2,2,2,5,5,5,2,2,1,0,3,3,3,3,1,1,0,0,0,1,1,1,1,1,1,1,1,1,1,1,0,3,1,1,1
Y1_342,16.64840239023788,-7.069394665665582,7.529409609708282,0,2,2,2,5,5,5,2,2,1,0,3,3,3,3,1,1,0,0,0,1,1,1,1,1,1,1,1,1,1,1,0,3,1,1,1
Y1_325,17.075032610697455,-4.968410179061873,7.24899826317292,0,2,2,2,5,5,5,2,2,1,0,3,3,3,3,1,1,0,0,0,1,1,1,1,1,1,1,1,1,1,1,0,3,1,1,1
Y1_331,17.18509015141927,-3.2491397565510716,7.669254703904457,0,2,2,2,5,5,5,2,2,1,0,3,3,3,3,1,1,0,0,0,1,1,1,1,1,1,1,1,1,1,1,0,3,1,1,1
Y1_319,16.864680584946694,-6.729367990859969,6.414178482390456,0,2,2,2,5,5,5,2,2,1,0,3,3,3,3,1,1,0,0,0,1,1,1,1,1,1,1,1,1,1,1,0,3,1,1,1
Y1_127,18.284937761827187,-0.9547197937099241,6.233400518979734,0,2,2,2,5,5,5,2,2,1,0,3,3,3,3,1,1,0,0,0,1,1,1,1,1,1,1,1,1,1,1,0,3,1,1,1
Y1_126,17.568103958539147,-7.058704593986466,-0.9527881479245547,0,2,2,2,5,5,5,2,2,1,0,3,3,3,3,1,1,0,0,0,1,1,1,1,1,1,1,1,1,1,1,0,3,1,1,1
Y1_318,16.608357750713164,-2.5859490135737855,9.020574139917983,0,2,2,2,5,5,5,2,2,1,0,3,3,3,3,1,1,0,0,0,1,1,1,1,1,1,1,1,1,1,1,0,3,1,1,1
Y1_330,17.229403774079014,-2.8861596973807537,7.636405392712446,0,2,2,2,5,5,5,2,2,1,0,3,3,3,3,1,1,0,0,0,1,1,1,1,1,1,1,1,1,1,1,0,3,1,1,1
Y1_324,17.871780746850927,-1.6550592041126688,6.876295287221269,0,2,2,2,5,5,5,2,2,1,0,3,3,3,3,1,1,0,0,0,1,1,1,1,1,1,1,1,1,1,1,0,3,1,1,1
Y1_332,16.891336015448218,-7.992016314568585,-2.3702087258558064,0,2,2,2,5,5,5,2,2,1,0,3,3,3,3,1,1,0,0,0,1,1,1,1,1,1,1,1,1,1,1,0,6,6,6,6
Y1_326,16.274450595223026,-4.266899065873874,9.209461986022808,0,2,2,2,5,5,5,2,2,1,0,3,3,3,3,1,1,0,0,0,1,1,1,1,1,1,1,1,1,1,1,0,3,1,1,1
Y1_124,17.48374798851497,-2.2926293885281566,7.536856656086113,0,2,2,2,5,5,5,2,2,1,0,3,3,3,3,1,1,0,0,0,1,1,1,1,1,1,1,1,1,1,1,0,3,1,1,1
Y1_118,15.71439503977648,-8.058837942752307,-4.366218408355188,0,2,2,2,5,5,5,2,2,1,0,3,3,3,3,1,1,0,0,0,1,1,1,1,1,1,1,1,1,1,1,0,6,6,6,6
Y1_119,17.034271052650798,-7.965199491194624,-2.3750100226278286,0,2,2,2,5,5,5,2,2,1,0,3,3,3,3,1,1,0,0,0,1,1,1,1,1,1,1,1,1,1,1,0,6,6,6,6
Y1_125,17.69646408152353,-6.2303556523488455,-0.2789271409618922,0,2,2,2,5,5,5,2,2,1,0,3,3,3,3,1,1,0,0,0,1,1,1,1,1,1,1,1,1,1,1,0,3,1,1,1
Y1_327,17.614409626505584,-4.555180230733986,6.479332802391945,0,2,2,2,5,5,5,2,2,1,0,3,3,3,3,1,1,0,0,0,1,1,1,1,1,1,1,1,1,1,1,0,3,1,1,1
Y1_333,17.590163185979826,-4.988649910226748,6.054102404433124,0,2,2,2,5,5,5,2,2,1,0,3,3,3,3,1,1,0,0,0,1,1,1,1,1,1,1,1,1,1,1,0,3,1,1,1
Y1_337,18.42777764187803,-2.8117429742618563,5.5672885736146895,0,2,2,2,5,5,5,2,2,1,0,3,3,3,3,1,1,0,0,0,1,1,1,1,1,1,1,1,1,1,1,0,3,1,1,1
Y1_323,17.695660419273903,-5.6930654601669355,5.474364539038513,0,2,2,2,5,5,5,2,2,1,0,3,3,3,3,1,1,0,0,0,1,1,1,1,1,1,1,1,1,1,1,0,3,1,1,1
Y1_109,18.49796339276681,-6.279666335036439,1.0274052179345112,0,2,2,2,5,5,5,2,2,1,0,3,3,3,3,1,1,0,0,0,1,1,1,1,1,1,1,1,1,1,1,0,3,1,1,1
Y1_121,17.6871018218318,-4.622095520994964,6.061046924465226,0,2,2,2,5,5,5,2,2,1,0,3,3,3,3,1,1,0,0,0,1,1,1,1,1,1,1,1,1,1,1,0,3,1,1,1
Y1_120,17.680474159964433,-3.0809136122019796,6.7008421298535135,0,2,2,2,5,5,5,2,2,1,0,3,3,3,3,1,1,0,0,0,1,1,1,1,1,1,1,1,1,1,1,0,3,1,1,1
Y1_108,16.5045275778351,-8.510564812403027,7.025044407271754,0,2,2,2,5,5,5,2,2,1,0,3,3,3,3,1,1,0,0,0,1,1,1,1,1,1,1,1,1,1,1,0,3,1,1,1
Y1_322,15.885968216354803,-5.112509664744276,9.688209818191313,0,2,2,2,5,5,5,2,2,1,0,3,3,3,3,1,1,0,0,0,1,1,1,1,1,1,1,1,1,1,1,0,3,1,1,1
Y1_336,17.625098090593397,-7.990802685428795,4.01460556189533,0,2,2,2,5,5,5,2,2,1,0,3,3,3,3,1,1,0,0,0,1,1,1,1,1,1,1,1,1,1,1,0,3,1,1,1
Y1_308,17.23220119533937,-2.6179904535922964,7.813714471971738,0,2,2,2,5,5,5,2,2,1,0,3,3,3,3,1,1,0,0,0,1,1,1,1,1,1,1,1,1,1,1,0,3,1,1,1
Y1_320,17.785994078515134,-7.5707472937062175,3.338426354091525,0,2,2,2,5,5,5,2,2,1,0,3,3,3,3,1,1,0,0,0,1,1,1,1,1,1,1,1,1,1,1,0,3,1,1,1
Y1_334,17.048175008980884,-7.350367566292297,5.4870953339096085,0,2,2,2,5,5,5,2,2,1,0,3,3,3,3,1,1,0,0,0,1,1,1,1,1,1,1,1,1,1,1,0,3,1,1,1
Y1_122,16.744489558790953,-4.000904001235523,8.350547912793429,0,2,2,2,5,5,5,2,2,1,0,3,3,3,3,1,1,0,0,0,1,1,1,1,1,1,1,1,1,1,1,0,3,1,1,1
Y1_123,18.56488204832935,-4.303732389203931,2.563652234244332,0,2,2,2,5,5,5,2,2,1,0,3,3,3,3,1,1,0,0,0,1,1,1,1,1,1,1,1,1,1,1,0,3,1,1,1
Y1_335,17.241549790834437,-6.080356320469307,6.492637677574309,0,2,2,2,5,5,5,2,2,1,0,3,3,3,3,1,1,0,0,0,1,1,1,1,1,1,1,1,1,1,1,0,3,1,1,1
Y1_321,17.387870492178997,-7.784104788029862,-0.2078421394913535,0,2,2,2,5,5,5,2,2,1,0,3,3,3,3,1,1,0,0,0,1,1,1,1,1,1,1,1,1,1,1,0,3,1,1,1
Y1_309,17.308567913575864,-8.024782088950241,5.287286302506701,0,2,2,2,5,5,5,2,2,1,0,3,3,3,3,1,1,0,0,0,1,1,1,1,1,1,1,1,1,1,1,0,3,1,1,1
